,mri
2019-06-29,85.13333333333335
2019-06-30,80.33333333333331
2019-07-01,77.86666666666666
2019-07-02,78.74444444444444
2019-07-03,84.21111111111111
2019-07-04,80.66666666666667
2019-07-05,79.47777777777776
2019-07-06,80.63333333333334
2019-07-07,81.85555555555555
2019-07-08,85.15555555555557
2019-07-09,85.7333333333333
2019-07-10,83.76666666666667
2019-07-11,79.64444444444445
2019-07-12,82.12222222222223
2019-07-13,79.51111111111112
2019-07-14,74.61111111111113
2019-07-15,76.73333333333332
2019-07-16,65.24444444444445
2019-07-17,66.95555555555556
2019-07-18,74.3
2019-07-19,73.17777777777776
2019-07-20,76.16666666666669
2019-07-21,73.25555555555556
2019-07-22,71.07777777777778
2019-07-23,67.13333333333334
2019-07-24,65.72222222222223
2019-07-25,66.73333333333333
2019-07-26,65.59999999999998
2019-07-27,61.52222222222221
2019-07-28,62.27777777777778
2019-07-29,61.05555555555556
2019-07-30,61.48888888888889
2019-07-31,66.04444444444445
2019-08-01,69.06666666666668
2019-08-02,69.67777777777778
2019-08-03,72.12222222222222
2019-08-04,73.06666666666666
2019-08-05,77.46666666666667
2019-08-06,74.58888888888889
2019-08-07,77.92222222222223
2019-08-08,77.12222222222222
2019-08-09,77.15555555555555
2019-08-10,73.62222222222222
2019-08-11,74.47777777777777
2019-08-12,73.62222222222222
2019-08-13,69.5222222222222
2019-08-14,61.955555555555556
2019-08-15,65.05555555555556
2019-08-16,65.21111111111112
2019-08-17,63.36666666666666
2019-08-18,64.75555555555555
2019-08-19,68.72222222222223
2019-08-20,68.14444444444445
2019-08-21,61.044444444444444
2019-08-22,61.07777777777778
2019-08-23,63.74444444444444
2019-08-24,60.55555555555556
2019-08-25,60.07777777777778
2019-08-26,62.72222222222222
2019-08-27,60.13333333333334
2019-08-28,55.41111111111112
2019-08-29,52.26666666666667
2019-08-30,53.43333333333334
2019-08-31,53.699999999999996
2019-09-01,55.67777777777778
2019-09-02,62.34444444444445
2019-09-03,64.66666666666667
2019-09-04,64.08888888888889
2019-09-05,63.89999999999999
2019-09-06,60.833333333333336
2019-09-07,62.111111111111114
2019-09-08,61.03333333333334
2019-09-09,60.25555555555555
2019-09-10,57.300000000000004
2019-09-11,57.13333333333334
2019-09-12,60.0
2019-09-13,59.300000000000004
2019-09-14,59.46666666666666
2019-09-15,58.77777777777778
2019-09-16,58.06666666666667
2019-09-17,57.53333333333333
2019-09-18,56.53333333333334
2019-09-19,57.32222222222222
2019-09-20,56.01111111111111
2019-09-21,54.45555555555555
2019-09-22,54.37777777777777
2019-09-23,50.53333333333333
2019-09-24,39.455555555555556
2019-09-25,36.41111111111111
2019-09-26,33.166666666666664
2019-09-27,34.24444444444444
2019-09-28,33.888888888888886
2019-09-29,32.32222222222222
2019-09-30,34.51111111111111
2019-10-01,35.4
2019-10-02,35.37777777777777
2019-10-03,34.6
2019-10-04,33.63333333333334
2019-10-05,33.044444444444444
2019-10-06,30.200000000000003
2019-10-07,34.24444444444444
2019-10-08,33.84444444444445
2019-10-09,38.52222222222221
2019-10-10,38.277777777777786
2019-10-11,35.099999999999994
2019-10-12,35.22222222222223
2019-10-13,34.46666666666667
2019-10-14,34.900000000000006
2019-10-15,32.666666666666664
2019-10-16,31.17777777777778
2019-10-17,31.755555555555556
2019-10-18,30.72222222222222
2019-10-19,30.555555555555557
2019-10-20,33.666666666666664
2019-10-21,33.644444444444446
2019-10-22,31.43333333333333
2019-10-23,25.755555555555556
2019-10-24,26.08888888888889
2019-10-25,38.35555555555556
2019-10-26,45.17777777777778
2019-10-27,49.011111111111106
2019-10-28,47.422222222222224
2019-10-29,47.24444444444444
2019-10-30,44.32222222222222
2019-10-31,43.733333333333334
2019-11-01,44.56666666666668
2019-11-02,45.67777777777778
2019-11-03,44.355555555555554
2019-11-04,46.866666666666674
2019-11-05,45.955555555555556
2019-11-06,45.95555555555555
2019-11-07,44.56666666666666
2019-11-08,39.94444444444445
2019-11-09,39.766666666666666
2019-11-10,42.64444444444445
2019-11-11,38.41111111111111
2019-11-12,39.16666666666667
2019-11-13,38.65555555555556
2019-11-14,37.32222222222222
2019-11-15,35.76666666666667
2019-11-16,35.833333333333336
2019-11-17,36.15555555555556
2019-11-18,32.699999999999996
2019-11-19,32.05555555555556
2019-11-20,31.32222222222222
2019-11-21,26.6
2019-11-22,23.222222222222218
2019-11-23,24.133333333333333
2019-11-24,20.98888888888889
2019-11-25,22.699999999999996
2019-11-26,22.566666666666666
2019-11-27,26.399999999999995
2019-11-28,25.422222222222224
2019-11-29,29.044444444444448
2019-11-30,26.733333333333334
2019-12-01,25.38888888888889
2019-12-02,24.655555555555555
2019-12-03,24.688888888888886
2019-12-04,23.633333333333336
2019-12-05,25.84444444444445
2019-12-06,26.92222222222222
2019-12-07,26.98888888888889
2019-12-08,27.15555555555555
2019-12-09,25.244444444444444
2019-12-10,24.288888888888888
2019-12-11,23.48888888888889
2019-12-12,23.54444444444444
2019-12-13,24.51111111111111
2019-12-14,22.644444444444446
2019-12-15,22.866666666666664
2019-12-16,20.922222222222224
2019-12-17,18.544444444444444
2019-12-18,25.055555555555557
2019-12-19,23.96666666666667
2019-12-20,24.16666666666667
2019-12-21,24.066666666666666
2019-12-22,27.633333333333336
2019-12-23,26.144444444444446
2019-12-24,25.22222222222222
2019-12-25,24.488888888888887
2019-12-26,24.488888888888887
2019-12-27,25.444444444444443
2019-12-28,26.47777777777778
2019-12-29,27.577777777777776
2019-12-30,25.58888888888889
2019-12-31,24.65555555555556
2020-01-01,24.65555555555556
2020-01-02,22.244444444444447
2020-01-03,26.866666666666664
2020-01-04,27.07777777777778
2020-01-05,27.055555555555557
2020-01-06,32.48888888888889
2020-01-07,37.077777777777776
2020-01-08,36.166666666666664
2020-01-09,33.37777777777777
2020-01-10,36.52222222222222
2020-01-11,36.22222222222222
2020-01-12,37.36666666666667
2020-01-13,37.23333333333333
2020-01-14,45.22222222222223
2020-01-15,45.18888888888889
2020-01-16,43.900000000000006
2020-01-17,46.444444444444436
2020-01-18,46.355555555555554
2020-01-19,43.2
2020-01-20,43.15555555555555
2020-01-21,43.7
2020-01-22,42.51111111111111
2020-01-23,39.07777777777778
2020-01-24,40.12222222222222
2020-01-25,39.01111111111111
2020-01-26,42.0
2020-01-27,46.28888888888889
2020-01-28,48.78888888888889
2020-01-29,51.2
2020-01-30,53.21111111111112
2020-01-31,50.98888888888889
2020-02-01,50.988888888888894
2020-02-02,51.044444444444444
2020-02-03,49.67777777777777
2020-02-04,48.25555555555555
2020-02-05,54.0
2020-02-06,54.68888888888888
2020-02-07,54.833333333333336
2020-02-08,55.85555555555556
2020-02-09,58.12222222222223
2020-02-10,55.388888888888886
2020-02-11,58.89999999999999
2020-02-12,59.87777777777777
2020-02-13,58.477777777777774
2020-02-14,59.477777777777774
2020-02-15,54.77777777777778
2020-02-16,54.34444444444445
2020-02-17,51.96666666666667
2020-02-18,57.266666666666666
2020-02-19,51.53333333333333
2020-02-20,50.944444444444436
2020-02-21,51.53333333333333
2020-02-22,51.4
2020-02-23,54.63333333333333
2020-02-24,50.93333333333334
2020-02-25,47.08888888888889
2020-02-26,40.72222222222222
2020-02-27,40.34444444444445
2020-02-28,39.944444444444436
2020-02-29,38.53333333333333
2020-03-01,37.56666666666667
2020-03-02,41.74444444444445
2020-03-03,39.86666666666667
2020-03-04,39.666666666666664
2020-03-05,43.81111111111111
2020-03-06,44.16666666666666
2020-03-07,41.477777777777774
2020-03-08,33.06666666666667
2020-03-09,28.833333333333332
2020-03-10,29.93333333333333
2020-03-11,29.82222222222222
2020-03-12,8.177777777777777
2020-03-13,8.88888888888889
2020-03-14,6.5
2020-03-15,7.144444444444444
2020-03-16,4.7333333333333325
2020-03-17,7.655555555555556
2020-03-18,7.2555555555555555
2020-03-19,13.966666666666667
2020-03-20,13.66666666666667
2020-03-21,13.322222222222221
2020-03-22,11.011111111111113
2020-03-23,16.355555555555554
2020-03-24,19.72222222222222
2020-03-25,18.72222222222222
2020-03-26,19.644444444444442
2020-03-27,18.755555555555553
2020-03-28,13.955555555555556
2020-03-29,11.044444444444446
2020-03-30,16.6
2020-03-31,16.4
2020-04-01,19.266666666666666
2020-04-02,20.85555555555556
2020-04-03,20.211111111111112
2020-04-04,21.399999999999995
2020-04-05,20.477777777777778
2020-04-06,26.366666666666664
2020-04-07,25.3
2020-04-08,27.67777777777778
2020-04-09,27.233333333333334
2020-04-10,21.62222222222222
2020-04-11,21.83333333333333
2020-04-12,23.688888888888883
2020-04-13,21.77777777777778
2020-04-14,22.355555555555558
2020-04-15,18.944444444444443
2020-04-16,25.51111111111111
2020-04-17,24.755555555555556
2020-04-18,27.0
2020-04-19,25.955555555555556
2020-04-20,21.92222222222222
2020-04-21,22.81111111111111
2020-04-22,25.18888888888889
2020-04-23,30.62222222222222
2020-04-24,30.166666666666668
2020-04-25,30.28888888888889
2020-04-26,32.18888888888889
2020-04-27,33.544444444444444
2020-04-28,33.55555555555556
2020-04-29,44.98888888888889
2020-04-30,44.1888888888889
2020-05-01,45.85555555555556
2020-05-02,46.72222222222222
2020-05-03,46.400000000000006
2020-05-04,46.15555555555555
2020-05-05,46.87777777777777
2020-05-06,50.95555555555555
2020-05-07,56.544444444444444
2020-05-08,56.2888888888889
2020-05-09,52.91111111111111
2020-05-10,42.800000000000004
2020-05-11,41.366666666666674
2020-05-12,44.099999999999994
2020-05-13,50.44444444444444
2020-05-14,55.0111111111111
2020-05-15,50.71111111111111
2020-05-16,51.22222222222223
2020-05-17,54.65555555555556
2020-05-18,53.922222222222224
2020-05-19,53.82222222222222
2020-05-20,52.24444444444444
2020-05-21,46.7
2020-05-22,47.933333333333344
2020-05-23,48.13333333333334
2020-05-24,45.65555555555555
2020-05-25,44.34444444444444
2020-05-26,43.26666666666667
2020-05-27,46.89999999999999
2020-05-28,52.044444444444444
2020-05-29,50.766666666666666
2020-05-30,53.08888888888888
2020-05-31,50.699999999999996
2020-06-01,57.85555555555556
2020-06-02,51.03333333333333
2020-06-03,51.977777777777774
2020-06-04,53.7
2020-06-05,52.31111111111111
2020-06-06,52.266666666666666
2020-06-07,53.25555555555556
2020-06-08,53.01111111111111
2020-06-09,53.044444444444444
2020-06-10,54.03333333333333
2020-06-11,47.22222222222222
2020-06-12,48.77777777777778
2020-06-13,48.74444444444444
2020-06-14,47.333333333333336
2020-06-15,48.422222222222224
2020-06-16,49.099999999999994
2020-06-17,48.0
2020-06-18,46.47777777777778
2020-06-19,45.94444444444444
2020-06-20,46.11111111111111
2020-06-21,45.544444444444444
2020-06-22,49.77777777777778
2020-06-23,49.21111111111111
2020-06-24,44.52222222222222
2020-06-25,43.93333333333333
2020-06-26,42.3
2020-06-27,40.644444444444446
2020-06-28,41.888888888888886
2020-06-29,42.988888888888894
2020-06-30,41.6
2020-07-01,42.85555555555555
2020-07-02,41.51111111111111
2020-07-03,40.6
2020-07-04,41.111111111111114
2020-07-05,40.31111111111112
2020-07-06,43.84444444444444
2020-07-07,42.611111111111114
2020-07-08,45.15555555555555
2020-07-09,42.300000000000004
2020-07-10,42.455555555555556
2020-07-11,42.13333333333334
2020-07-12,42.94444444444444
2020-07-13,41.93333333333334
2020-07-14,41.97777777777778
2020-07-15,41.57777777777778
2020-07-16,40.25555555555555
2020-07-17,40.33333333333333
2020-07-18,40.300000000000004
2020-07-19,41.08888888888889
2020-07-20,40.24444444444444
2020-07-21,42.855555555555554
2020-07-22,45.28888888888889
2020-07-23,45.511111111111106
2020-07-24,45.011111111111106
2020-07-25,46.43333333333334
2020-07-26,49.06666666666666
2020-07-27,61.82222222222222
2020-07-28,59.45555555555555
2020-07-29,61.58888888888888
2020-07-30,60.27777777777778
2020-07-31,62.099999999999994
2020-08-01,64.63333333333334
2020-08-02,59.666666666666664
2020-08-03,60.4888888888889
2020-08-04,60.199999999999996
2020-08-05,63.68888888888888
2020-08-06,64.25555555555555
2020-08-07,62.866666666666674
2020-08-08,63.75555555555555
2020-08-09,62.77777777777778
2020-08-10,64.4111111111111
2020-08-11,59.599999999999994
2020-08-12,61.57777777777777
2020-08-13,62.67777777777778
2020-08-14,62.46666666666667
2020-08-15,63.333333333333336
2020-08-16,63.12222222222223
2020-08-17,66.06666666666666
2020-08-18,63.58888888888888
2020-08-19,61.32222222222222
2020-08-20,62.233333333333334
2020-08-21,60.71111111111112
2020-08-22,59.911111111111104
2020-08-23,59.733333333333334
2020-08-24,60.633333333333326
2020-08-25,56.65555555555555
2020-08-26,57.76666666666668
2020-08-27,56.24444444444444
2020-08-28,57.43333333333333
2020-08-29,57.27777777777778
2020-08-30,58.84444444444446
2020-08-31,58.35555555555556
2020-09-01,61.44444444444444
2020-09-02,55.400000000000006
2020-09-03,48.199999999999996
2020-09-04,45.3111111111111
2020-09-05,40.788888888888884
2020-09-06,42.333333333333336
2020-09-07,43.9
2020-09-08,40.8
2020-09-09,42.43333333333333
2020-09-10,43.73333333333334
2020-09-11,43.766666666666666
2020-09-12,44.900000000000006
2020-09-13,43.36666666666666
2020-09-14,47.32222222222222
2020-09-15,48.71111111111111
2020-09-16,50.36666666666667
2020-09-17,50.00000000000001
2020-09-18,49.62222222222222
2020-09-19,51.1
2020-09-20,48.53333333333333
2020-09-21,44.1
2020-09-22,44.08888888888889
2020-09-23,40.97777777777778
2020-09-24,46.611111111111114
2020-09-25,46.52222222222222
2020-09-26,46.44444444444444
2020-09-27,46.28888888888889
2020-09-28,47.66666666666666
2020-09-29,46.86666666666667
2020-09-30,46.0
2020-10-01,44.355555555555554
2020-10-02,43.91111111111111
2020-10-03,43.87777777777778
2020-10-04,44.711111111111116
2020-10-05,45.29999999999999
2020-10-06,43.56666666666666
2020-10-07,43.85555555555556
2020-10-08,46.56666666666667
2020-10-09,48.74444444444444
2020-10-10,51.5
2020-10-11,51.47777777777778
2020-10-12,54.15555555555555
2020-10-13,52.32222222222222
2020-10-14,50.922222222222224
2020-10-15,52.022222222222226
2020-10-16,50.455555555555556
2020-10-17,50.27777777777778
2020-10-18,51.65555555555556
2020-10-19,54.35555555555556
2020-10-20,55.65555555555555
2020-10-21,63.64444444444444
2020-10-22,64.45555555555556
2020-10-23,62.84444444444445
2020-10-24,63.63333333333334
2020-10-25,63.333333333333336
2020-10-26,63.099999999999994
2020-10-27,67.30000000000001
2020-10-28,64.05555555555556
2020-10-29,65.45555555555556
2020-10-30,66.05555555555557
2020-10-31,67.34444444444445
2020-11-01,66.84444444444445
2020-11-02,65.63333333333333
2020-11-03,66.83333333333333
2020-11-04,68.01111111111112
2020-11-05,76.5
2020-11-06,76.31111111111112
2020-11-07,71.39999999999999
2020-11-08,75.00000000000001
2020-11-09,73.69999999999999
2020-11-10,73.43333333333332
2020-11-11,75.53333333333335
2020-11-12,77.77777777777779
2020-11-13,77.76666666666667
2020-11-14,76.5888888888889
2020-11-15,76.22222222222223
2020-11-16,79.23333333333333
2020-11-17,81.73333333333333
2020-11-18,81.8111111111111
2020-11-19,81.64444444444445
2020-11-20,83.60000000000001
2020-11-21,83.39999999999999
2020-11-22,83.16666666666667
2020-11-23,82.53333333333333
2020-11-24,84.06666666666666
2020-11-25,83.05555555555556
2020-11-26,77.46666666666665
2020-11-27,76.57777777777777
2020-11-28,79.65555555555555
2020-11-29,80.77777777777777
2020-11-30,84.06666666666666
2020-12-01,82.18888888888888
2020-12-02,82.82222222222222
2020-12-03,83.43333333333334
2020-12-04,81.39999999999999
2020-12-05,82.0
2020-12-06,82.54444444444445
2020-12-07,81.78888888888889
2020-12-08,80.75555555555555
2020-12-09,80.06666666666666
2020-12-10,79.06666666666666
2020-12-11,77.6222222222222
2020-12-12,80.21111111111111
2020-12-13,80.62222222222222
2020-12-14,80.97777777777777
2020-12-15,81.46666666666665
2020-12-16,85.31111111111112
2020-12-17,87.1888888888889
2020-12-18,87.03333333333333
2020-12-19,88.25555555555555
2020-12-20,87.57777777777777
2020-12-21,86.87777777777778
2020-12-22,87.35555555555555
2020-12-23,86.77777777777777
2020-12-24,86.77777777777779
2020-12-25,88.03333333333335
2020-12-26,90.06666666666668
2020-12-27,89.80000000000001
2020-12-28,89.9111111111111
2020-12-29,89.94444444444444
2020-12-30,91.22222222222223
2020-12-31,91.1888888888889
2021-01-01,91.26666666666667
2021-01-02,92.94444444444444
2021-01-03,93.54444444444444
2021-01-04,92.05555555555556
2021-01-05,93.52222222222221
2021-01-06,94.57777777777777
2021-01-07,95.55555555555556
2021-01-08,95.95555555555558
2021-01-09,95.66666666666667
2021-01-10,94.85555555555555
2021-01-11,92.68888888888888
2021-01-12,91.41111111111113
2021-01-13,93.86666666666667
2021-01-14,94.62222222222222
2021-01-15,93.07777777777777
2021-01-16,92.56666666666666
2021-01-17,92.72222222222221
2021-01-18,92.5888888888889
2021-01-19,92.45555555555556
2021-01-20,91.31111111111112
2021-01-21,86.85555555555555
2021-01-22,89.72222222222221
2021-01-23,87.8
2021-01-24,87.76666666666667
2021-01-25,88.04444444444442
2021-01-26,88.25555555555556
2021-01-27,84.44444444444444
2021-01-28,88.84444444444445
2021-01-29,89.5222222222222
2021-01-30,89.2
2021-01-31,87.60000000000001
2021-02-01,88.1888888888889
2021-02-02,89.97777777777779
2021-02-03,91.49999999999999
2021-02-04,91.01111111111112
2021-02-05,91.4888888888889
2021-02-06,92.3111111111111
2021-02-07,91.80000000000001
2021-02-08,95.02222222222223
2021-02-09,95.57777777777778
2021-02-10,94.74444444444445
2021-02-11,95.73333333333332
2021-02-12,95.53333333333333
2021-02-13,95.25555555555555
2021-02-14,95.82222222222222
2021-02-15,95.41111111111111
2021-02-16,95.53333333333335
2021-02-17,96.37777777777777
2021-02-18,96.13333333333333
2021-02-19,96.94444444444446
2021-02-20,96.84444444444445
2021-02-21,97.16666666666666
2021-02-22,96.28888888888889
2021-02-23,93.76666666666665
2021-02-24,94.11111111111114
2021-02-25,93.18888888888888
2021-02-26,91.64444444444445
2021-02-27,92.07777777777778
2021-02-28,90.86666666666667
2021-03-01,93.34444444444445
2021-03-02,92.32222222222221
2021-03-03,93.86666666666666
2021-03-04,92.28888888888889
2021-03-05,92.54444444444444
2021-03-06,92.35555555555555
2021-03-07,93.46666666666665
2021-03-08,93.77777777777777
2021-03-09,94.84444444444445
2021-03-10,95.4888888888889
2021-03-11,95.74444444444445
2021-03-12,95.4
2021-03-13,96.48888888888888
2021-03-14,96.13333333333333
2021-03-15,94.62222222222222
2021-03-16,94.46666666666667
2021-03-17,95.24444444444445
2021-03-18,94.73333333333332
2021-03-19,94.9111111111111
2021-03-20,94.78888888888889
2021-03-21,94.34444444444445
2021-03-22,92.51111111111112
2021-03-23,92.35555555555555
2021-03-24,90.8777777777778
2021-03-25,90.31111111111112
2021-03-26,91.78888888888888
2021-03-27,92.68888888888888
2021-03-28,92.17777777777778
2021-03-29,93.16666666666667
2021-03-30,93.7
2021-03-31,93.54444444444445
2021-04-01,93.3777777777778
2021-04-02,93.18888888888891
2021-04-03,92.22222222222223
2021-04-04,92.5
2021-04-05,92.71111111111111
2021-04-06,91.94444444444444
2021-04-07,90.5
2021-04-08,91.33333333333331
2021-04-09,91.55555555555557
2021-04-10,92.15555555555555
2021-04-11,92.28888888888888
2021-04-12,92.18888888888888
2021-04-13,93.66666666666666
2021-04-14,93.35555555555555
2021-04-15,93.25555555555555
2021-04-16,92.44444444444446
2021-04-17,91.75555555555555
2021-04-18,88.17777777777778
2021-04-19,87.85555555555555
2021-04-20,87.81111111111112
2021-04-21,85.62222222222223
2021-04-22,82.41111111111111
2021-04-23,80.64444444444445
2021-04-24,79.82222222222222
2021-04-25,76.96666666666667
2021-04-26,83.84444444444443
2021-04-27,84.96666666666667
2021-04-28,84.46666666666665
2021-04-29,82.64444444444445
2021-04-30,86.41111111111113
2021-05-01,86.73333333333333
2021-05-02,85.33333333333333
2021-05-03,86.06666666666666
2021-05-04,81.88888888888889
2021-05-05,85.51111111111112
2021-05-06,84.43333333333334
2021-05-07,85.15555555555557
2021-05-08,86.36666666666666
2021-05-09,85.55555555555556
2021-05-10,82.61111111111111
2021-05-11,83.22222222222223
2021-05-12,77.66666666666667
2021-05-13,72.87777777777778
2021-05-14,74.22222222222223
2021-05-15,71.14444444444445
2021-05-16,66.69999999999999
2021-05-17,62.0
2021-05-18,61.26666666666665
2021-05-19,55.3111111111111
2021-05-20,58.53333333333333
2021-05-21,51.24444444444444
2021-05-22,52.06666666666667
2021-05-23,45.94444444444445
2021-05-24,53.655555555555566
2021-05-25,53.144444444444446
2021-05-26,54.54444444444445
2021-05-27,54.22222222222222
2021-05-28,47.21111111111111
2021-05-29,46.06666666666667
2021-05-30,48.099999999999994
2021-05-31,50.64444444444444
2021-06-01,49.58888888888889
2021-06-02,51.55555555555556
2021-06-03,54.13333333333333
2021-06-04,50.05555555555556
2021-06-05,47.06666666666666
2021-06-06,47.911111111111104
2021-06-07,44.18888888888889
2021-06-08,43.355555555555554
2021-06-09,50.66666666666666
2021-06-10,49.66666666666667
2021-06-11,50.422222222222224
2021-06-12,47.94444444444444
2021-06-13,53.98888888888889
2021-06-14,56.49999999999999
2021-06-15,56.288888888888906
2021-06-16,52.78888888888888
2021-06-17,51.866666666666674
2021-06-18,46.888888888888886
2021-06-19,47.10000000000001
2021-06-20,46.91111111111111
2021-06-21,39.05555555555556
2021-06-22,40.57777777777778
2021-06-23,42.67777777777778
2021-06-24,45.21111111111112
2021-06-25,39.288888888888884
2021-06-26,39.011111111111106
2021-06-27,41.2
2021-06-28,44.644444444444446
2021-06-29,48.18888888888889
2021-06-30,45.50000000000001
2021-07-01,42.666666666666664
2021-07-02,42.888888888888886
2021-07-03,45.42222222222222
2021-07-04,47.35555555555556
2021-07-05,43.65555555555556
2021-07-06,43.844444444444434
2021-07-07,44.05555555555556
2021-07-08,41.08888888888889
2021-07-09,43.67777777777778
2021-07-10,42.87777777777778
2021-07-11,44.711111111111116
2021-07-12,41.955555555555556
2021-07-13,40.95555555555555
2021-07-14,41.27777777777778
2021-07-15,39.15555555555555
2021-07-16,38.85555555555555
2021-07-17,38.86666666666667
2021-07-18,38.922222222222224
2021-07-19,37.388888888888886
2021-07-20,34.62222222222222
2021-07-21,39.86666666666666
2021-07-22,40.577777777777776
2021-07-23,42.56666666666666
2021-07-24,45.01111111111111
2021-07-25,46.81111111111111
2021-07-26,53.64444444444444
2021-07-27,57.199999999999996
2021-07-28,59.25555555555556
2021-07-29,59.45555555555555
2021-07-30,62.79999999999999
2021-07-31,63.477777777777774
2021-08-01,60.233333333333334
2021-08-02,57.93333333333333
2021-08-03,55.888888888888886
2021-08-04,59.22222222222222
2021-08-05,62.0
2021-08-06,65.69999999999999
2021-08-07,68.89999999999999
2021-08-08,68.68888888888888
2021-08-09,72.91111111111111
2021-08-10,71.26666666666667
2021-08-11,71.9
2021-08-12,68.71111111111111
2021-08-13,75.44444444444444
2021-08-14,74.0888888888889
2021-08-15,74.31111111111112
2021-08-16,71.98888888888888
2021-08-17,69.19999999999999
2021-08-18,69.54444444444442
2021-08-19,73.06666666666666
2021-08-20,76.85555555555555
2021-08-21,76.84444444444443
2021-08-22,77.18888888888888
2021-08-23,77.27777777777777
2021-08-24,74.47777777777777
2021-08-25,75.87777777777778
2021-08-26,72.64444444444445
2021-08-27,75.56666666666666
2021-08-28,75.22222222222223
2021-08-29,75.36666666666666
2021-08-30,72.44444444444443
2021-08-31,71.46666666666665
2021-09-01,73.9
2021-09-02,75.5
2021-09-03,75.69999999999999
2021-09-04,75.76666666666667
2021-09-05,78.85555555555555
2021-09-06,79.69999999999999
2021-09-07,69.78888888888888
2021-09-08,69.07777777777777
2021-09-09,68.64444444444445
2021-09-10,65.1
2021-09-11,66.1
2021-09-12,68.12222222222222
2021-09-13,65.82222222222222
2021-09-14,69.27777777777777
2021-09-15,71.78888888888889
2021-09-16,71.06666666666666
2021-09-17,69.71111111111111
2021-09-18,71.16666666666667
2021-09-19,69.6
2021-09-20,59.79999999999999
2021-09-21,54.922222222222224
2021-09-22,61.65555555555555
2021-09-23,64.07777777777778
2021-09-24,59.455555555555556
2021-09-25,59.28888888888888
2021-09-26,60.43333333333333
2021-09-27,60.02222222222221
2021-09-28,56.37777777777777
2021-09-29,55.73333333333333
2021-09-30,61.599999999999994
2021-10-01,70.43333333333334
2021-10-02,70.5111111111111
2021-10-03,70.30000000000001
2021-10-04,72.34444444444446
2021-10-05,76.22222222222223
2021-10-06,81.26666666666667
2021-10-07,79.11111111111113
2021-10-08,79.27777777777777
2021-10-09,80.43333333333334
2021-10-10,80.24444444444445
2021-10-11,82.67777777777778
2021-10-12,81.45555555555558
2021-10-13,82.74444444444445
2021-10-14,82.57777777777775
2021-10-15,86.01111111111112
2021-10-16,85.51111111111112
2021-10-17,85.6111111111111
2021-10-18,85.92222222222223
2021-10-19,87.56666666666666
2021-10-20,88.48888888888888
2021-10-21,85.5111111111111
2021-10-22,83.74444444444444
2021-10-23,83.89999999999999
2021-10-24,83.57777777777777
2021-10-25,85.44444444444444
2021-10-26,82.35555555555555
2021-10-27,80.15555555555555
2021-10-28,82.25555555555555
2021-10-29,84.16666666666667
2021-10-30,83.28888888888889
2021-10-31,82.93333333333334
2021-11-01,81.97777777777777
2021-11-02,84.0777777777778
2021-11-03,83.83333333333333
2021-11-04,81.8111111111111
2021-11-05,81.07777777777778
2021-11-06,81.43333333333334
2021-11-07,83.22222222222223
2021-11-08,85.88888888888889
2021-11-09,86.54444444444444
2021-11-10,84.0
2021-11-11,84.36666666666666
2021-11-12,82.25555555555555
2021-11-13,82.83333333333331
2021-11-14,83.00000000000001
2021-11-15,81.64444444444445
2021-11-16,77.80000000000001
2021-11-17,76.94444444444444
2021-11-18,72.08888888888889
2021-11-19,73.8111111111111
2021-11-20,76.13333333333334
2021-11-21,75.21111111111112
2021-11-22,70.69999999999999
2021-11-23,72.82222222222224
2021-11-24,71.76666666666668
2021-11-25,74.46666666666667
2021-11-26,65.46666666666667
2021-11-27,66.72222222222223
2021-11-28,71.42222222222222
2021-11-29,72.8888888888889
2021-11-30,71.52222222222223
2021-12-01,70.42222222222222
2021-12-02,70.1
2021-12-03,63.866666666666674
2021-12-04,55.72222222222222
2021-12-05,56.03333333333333
2021-12-06,58.78888888888888
2021-12-07,58.42222222222223
2021-12-08,58.53333333333334
2021-12-09,53.833333333333336
2021-12-10,53.044444444444444
2021-12-11,55.72222222222222
2021-12-12,57.5111111111111
2021-12-13,51.54444444444445
2021-12-14,54.28888888888889
2021-12-15,55.277777777777786
2021-12-16,53.39999999999999
2021-12-17,50.65555555555555
2021-12-18,51.5
2021-12-19,51.53333333333333
2021-12-20,51.46666666666667
2021-12-21,55.21111111111111
2021-12-22,54.62222222222223
2021-12-23,57.85555555555556
2021-12-24,57.6888888888889
2021-12-25,57.400000000000006
2021-12-26,57.266666666666666
2021-12-27,57.233333333333334
2021-12-28,52.3
2021-12-29,51.4
2021-12-30,51.34444444444444
2021-12-31,49.66666666666666
2022-01-01,51.53333333333333
2022-01-02,51.422222222222224
2022-01-03,49.53333333333333
2022-01-04,49.48888888888889
2022-01-05,44.67777777777778
2022-01-06,44.04444444444445
2022-01-07,41.13333333333333
2022-01-08,41.37777777777778
2022-01-09,41.43333333333333
2022-01-10,41.2888888888889
2022-01-11,43.288888888888884
2022-01-12,45.577777777777776
2022-01-13,43.23333333333332
2022-01-14,44.24444444444445
2022-01-15,44.300000000000004
2022-01-16,44.27777777777778
2022-01-17,42.211111111111116
2022-01-18,43.08888888888889
2022-01-19,41.522222222222226
2022-01-20,39.56666666666666
2022-01-21,32.222222222222214
2022-01-22,30.022222222222222
2022-01-23,30.71111111111111
2022-01-24,32.72222222222222
2022-01-25,32.955555555555556
2022-01-26,32.91111111111111
2022-01-27,33.08888888888889
2022-01-28,34.73333333333333
2022-01-29,35.488888888888894
2022-01-30,35.46666666666667
2022-01-31,36.333333333333336
2022-02-01,36.65555555555555
2022-02-02,33.333333333333336
2022-02-03,33.455555555555556
2022-02-04,40.46666666666667
2022-02-05,42.7
2022-02-06,43.22222222222222
2022-02-07,48.02222222222221
2022-02-08,48.65555555555556
2022-02-09,49.53333333333333
2022-02-10,47.65555555555555
2022-02-11,44.366666666666674
2022-02-12,43.96666666666667
2022-02-13,44.13333333333333
2022-02-14,45.43333333333334
2022-02-15,49.15555555555555
2022-02-16,49.144444444444446
2022-02-17,41.06666666666666
2022-02-18,39.61111111111111
2022-02-19,39.777777777777786
2022-02-20,36.65555555555555
2022-02-21,34.455555555555556
2022-02-22,35.855555555555554
2022-02-23,34.45555555555555
2022-02-24,36.53333333333333
2022-02-25,38.87777777777777
2022-02-26,38.65555555555556
2022-02-27,35.25555555555556
2022-02-28,48.28888888888889
2022-03-01,50.03333333333333
2022-03-02,50.63333333333333
2022-03-03,46.87777777777777
2022-03-04,38.3
2022-03-05,39.43333333333333
2022-03-06,37.34444444444444
2022-03-07,36.66666666666667
2022-03-08,37.66666666666667
2022-03-09,45.911111111111104
2022-03-10,39.888888888888886
2022-03-11,38.6888888888889
2022-03-12,38.93333333333334
2022-03-13,35.92222222222222
2022-03-14,40.67777777777778
2022-03-15,40.144444444444446
2022-03-16,44.48888888888889
2022-03-17,43.97777777777778
2022-03-18,46.21111111111111
2022-03-19,47.24444444444444
2022-03-20,45.15555555555556
2022-03-21,44.93333333333333
2022-03-22,48.422222222222224
2022-03-23,48.52222222222222
2022-03-24,51.766666666666666
2022-03-25,52.13333333333333
2022-03-26,52.855555555555554
2022-03-27,58.0
2022-03-28,59.18888888888888
2022-03-29,58.94444444444444
2022-03-30,58.42222222222222
2022-03-31,55.022222222222226
2022-04-01,56.22222222222222
2022-04-02,56.111111111111114
2022-04-03,56.644444444444446
2022-04-04,57.5
2022-04-05,54.999999999999986
2022-04-06,50.25555555555555
2022-04-07,50.47777777777778
2022-04-08,47.144444444444446
2022-04-09,48.122222222222234
2022-04-10,47.12222222222223
2022-04-11,41.333333333333336
2022-04-12,41.82222222222222
2022-04-13,45.24444444444445
2022-04-14,41.611111111111114
2022-04-15,43.14444444444444
2022-04-16,43.24444444444444
2022-04-17,41.577777777777776
2022-04-18,44.34444444444445
2022-04-19,45.733333333333334
2022-04-20,45.95555555555555
2022-04-21,43.144444444444446
2022-04-22,41.58888888888889
2022-04-23,41.76666666666667
2022-04-24,40.75555555555555
2022-04-25,43.31111111111111
2022-04-26,37.68888888888889
2022-04-27,40.266666666666666
2022-04-28,41.95555555555555
2022-04-29,38.800000000000004
2022-04-30,36.93333333333333
2022-05-01,38.800000000000004
2022-05-02,39.099999999999994
2022-05-03,37.06666666666667
2022-05-04,42.077777777777776
2022-05-05,34.27777777777778
2022-05-06,33.43333333333334
2022-05-07,32.23333333333333
2022-05-08,29.511111111111113
2022-05-09,23.2
2022-05-10,22.91111111111111
2022-05-11,18.788888888888888
2022-05-12,19.400000000000002
2022-05-13,20.266666666666666
2022-05-14,21.500000000000004
2022-05-15,24.177777777777774
2022-05-16,21.533333333333335
2022-05-17,22.833333333333332
2022-05-18,19.37777777777778
2022-05-19,22.31111111111111
2022-05-20,20.033333333333335
2022-05-21,20.644444444444442
2022-05-22,22.62222222222222
2022-05-23,20.06666666666667
2022-05-24,21.011111111111106
2022-05-25,21.277777777777782
2022-05-26,21.0
2022-05-27,19.46666666666667
2022-05-28,19.844444444444445
2022-05-29,20.9
2022-05-30,26.555555555555557
2022-05-31,26.955555555555556
2022-06-01,22.299999999999997
2022-06-02,24.133333333333333
2022-06-03,21.833333333333336
2022-06-04,22.633333333333336
2022-06-05,22.81111111111111
2022-06-06,26.26666666666667
2022-06-07,26.288888888888884
2022-06-08,23.844444444444445
2022-06-09,23.43333333333333
2022-06-10,21.166666666666668
2022-06-11,19.466666666666665
2022-06-12,17.155555555555555
2022-06-13,10.233333333333334
2022-06-14,9.966666666666667
2022-06-15,10.633333333333333
2022-06-16,7.488888888888888
2022-06-17,7.666666666666667
2022-06-18,5.711111111111112
2022-06-19,7.833333333333332
2022-06-20,7.777777777777776
2022-06-21,8.52222222222222
2022-06-22,7.144444444444446
2022-06-23,8.91111111111111
2022-06-24,9.333333333333334
2022-06-25,9.388888888888888
2022-06-26,8.97777777777778
2022-06-27,8.466666666666667
2022-06-28,7.633333333333332
2022-06-29,7.477777777777778
2022-06-30,5.7666666666666675
2022-07-01,6.311111111111111
2022-07-02,6.277777777777777
2022-07-03,6.277777777777777
2022-07-04,7.655555555555555
2022-07-05,7.900000000000001
2022-07-06,8.355555555555558
2022-07-07,10.366666666666667
2022-07-08,10.844444444444445
2022-07-09,10.477777777777776
2022-07-10,9.066666666666668
2022-07-11,7.611111111111111
2022-07-12,6.51111111111111
2022-07-13,7.5
2022-07-14,8.644444444444442
2022-07-15,9.444444444444446
2022-07-16,9.999999999999998
2022-07-17,9.488888888888889
2022-07-18,11.155555555555557
2022-07-19,14.977777777777776
2022-07-20,14.588888888888887
2022-07-21,14.355555555555558
2022-07-22,13.388888888888888
2022-07-23,12.933333333333334
2022-07-24,13.644444444444446
2022-07-25,11.633333333333333
2022-07-26,10.622222222222222
2022-07-27,14.555555555555555
2022-07-28,17.933333333333334
2022-07-29,18.277777777777775
2022-07-30,17.677777777777777
2022-07-31,16.766666666666666
2022-08-01,16.96666666666667
2022-08-02,16.577777777777776
2022-08-03,16.355555555555558
2022-08-04,15.944444444444445
2022-08-05,17.7
2022-08-06,17.38888888888889
2022-08-07,18.133333333333333
2022-08-08,20.099999999999998
2022-08-09,18.444444444444443
2022-08-10,20.766666666666666
2022-08-11,21.322222222222223
2022-08-12,22.08888888888889
2022-08-13,22.72222222222222
2022-08-14,22.222222222222218
2022-08-15,21.566666666666666
2022-08-16,21.3
2022-08-17,19.88888888888889
2022-08-18,19.611111111111107
2022-08-19,12.7
2022-08-20,13.355555555555554
2022-08-21,14.922222222222224
2022-08-22,13.844444444444443
2022-08-23,15.02222222222222
2022-08-24,14.877777777777778
2022-08-25,15.599999999999998
2022-08-26,11.266666666666666
2022-08-27,10.58888888888889
2022-08-28,9.844444444444443
2022-08-29,11.600000000000001
2022-08-30,10.444444444444445
2022-08-31,11.355555555555554
2022-09-01,11.61111111111111
2022-09-02,11.366666666666667
2022-09-03,10.655555555555555
2022-09-04,11.366666666666667
2022-09-05,10.866666666666667
2022-09-06,8.144444444444446
2022-09-07,9.511111111111111
2022-09-08,9.61111111111111
2022-09-09,17.0
2022-09-10,17.944444444444443
2022-09-11,18.01111111111111
2022-09-12,20.677777777777777
2022-09-13,13.133333333333333
2022-09-14,13.41111111111111
2022-09-15,11.766666666666666
2022-09-16,11.755555555555556
2022-09-17,13.366666666666667
2022-09-18,11.0
2022-09-19,11.31111111111111
2022-09-20,9.066666666666668
2022-09-21,8.044444444444444
2022-09-22,10.944444444444446
2022-09-23,10.844444444444443
2022-09-24,9.333333333333334
2022-09-25,9.277777777777779
2022-09-26,10.455555555555556
2022-09-27,10.177777777777777
2022-09-28,12.066666666666666
2022-09-29,12.100000000000001
2022-09-30,11.844444444444445
2022-10-01,11.366666666666667
2022-10-02,10.411111111111111
2022-10-03,12.544444444444444
2022-10-04,15.233333333333333
2022-10-05,14.677777777777777
2022-10-06,14.033333333333333
2022-10-07,12.544444444444444
2022-10-08,12.277777777777779
2022-10-09,12.38888888888889
2022-10-10,11.255555555555556
2022-10-11,11.055555555555555
2022-10-12,11.466666666666665
2022-10-13,12.41111111111111
2022-10-14,11.655555555555555
2022-10-15,11.399999999999999
2022-10-16,12.41111111111111
2022-10-17,13.466666666666665
2022-10-18,12.733333333333333
2022-10-19,11.988888888888889
2022-10-20,11.92222222222222
2022-10-21,12.466666666666669
2022-10-22,12.766666666666667
2022-10-23,14.18888888888889
2022-10-24,13.377777777777778
2022-10-25,16.38888888888889
2022-10-26,19.32222222222222
2022-10-27,17.11111111111111
2022-10-28,18.844444444444445
2022-10-29,19.27777777777778
2022-10-30,18.944444444444443
2022-10-31,18.244444444444444
2022-11-01,18.38888888888889
2022-11-02,17.433333333333334
2022-11-03,17.677777777777777
2022-11-04,21.455555555555556
2022-11-05,22.233333333333334
2022-11-06,21.400000000000002
2022-11-07,19.72222222222222
2022-11-08,11.866666666666665
2022-11-09,3.133333333333333
2022-11-10,9.58888888888889
2022-11-11,6.444444444444443
2022-11-12,6.377777777777777
2022-11-13,5.133333333333333
2022-11-14,5.477777777777778
2022-11-15,7.011111111111112
2022-11-16,6.411111111111111
2022-11-17,6.855555555555556
2022-11-18,6.955555555555555
2022-11-19,7.577777777777778
2022-11-20,5.666666666666668
2022-11-21,4.455555555555555
2022-11-22,5.577777777777778
2022-11-23,7.411111111111111
2022-11-24,7.577777777777778
2022-11-25,7.366666666666668
2022-11-26,7.033333333333332
2022-11-27,7.222222222222222
2022-11-28,6.455555555555555
2022-11-29,7.322222222222223
2022-11-30,10.388888888888886
2022-12-01,9.733333333333334
2022-12-02,9.88888888888889
2022-12-03,9.644444444444446
2022-12-04,10.61111111111111
2022-12-05,10.0
2022-12-06,10.166666666666666
2022-12-07,9.377777777777778
2022-12-08,11.177777777777777
2022-12-09,11.155555555555557
2022-12-10,11.266666666666667
2022-12-11,11.077777777777776
2022-12-12,11.466666666666667
2022-12-13,14.155555555555557
2022-12-14,14.255555555555553
2022-12-15,12.511111111111113
2022-12-16,9.222222222222221
2022-12-17,10.0
2022-12-18,10.200000000000001
2022-12-19,8.744444444444445
2022-12-20,10.911111111111111
2022-12-21,10.555555555555555
2022-12-22,10.644444444444442
2022-12-23,10.788888888888888
2022-12-24,10.899999999999999
2022-12-25,10.988888888888889
2022-12-26,11.144444444444446
2022-12-27,10.68888888888889
2022-12-28,9.88888888888889
2022-12-29,10.355555555555554
2022-12-30,10.455555555555556
2022-12-31,10.222222222222221
2023-01-01,10.6
2023-01-02,11.255555555555555
2023-01-03,10.788888888888888
2023-01-04,11.777777777777779
2023-01-05,11.81111111111111
2023-01-06,12.755555555555556
2023-01-07,12.81111111111111
2023-01-08,12.877777777777778
2023-01-09,13.766666666666666
2023-01-10,14.555555555555555
2023-01-11,15.61111111111111
2023-01-12,21.111111111111114
2023-01-13,24.899999999999995
2023-01-14,28.944444444444443
2023-01-15,28.58888888888889
2023-01-16,29.477777777777778
2023-01-17,29.611111111111104
2023-01-18,27.777777777777775
2023-01-19,29.077777777777776
2023-01-20,34.166666666666664
2023-01-21,35.34444444444445
2023-01-22,34.07777777777777
2023-01-23,34.82222222222222
2023-01-24,34.0
2023-01-25,35.56666666666667
2023-01-26,34.75555555555556
2023-01-27,35.17777777777778
2023-01-28,34.611111111111114
2023-01-29,37.333333333333336
2023-01-30,33.7
2023-01-31,35.03333333333333
2023-02-01,37.06666666666667
2023-02-02,36.166666666666664
2023-02-03,35.96666666666667
2023-02-04,35.900000000000006
2023-02-05,34.25555555555556
2023-02-06,34.11111111111111
2023-02-07,35.08888888888889
2023-02-08,34.077777777777776
2023-02-09,30.522222222222222
2023-02-10,29.67777777777778
2023-02-11,30.322222222222226
2023-02-12,30.11111111111111
2023-02-13,30.12222222222222
2023-02-14,31.15555555555555
2023-02-15,38.3111111111111
2023-02-16,36.84444444444445
2023-02-17,39.18888888888889
2023-02-18,39.166666666666664
2023-02-19,38.32222222222222
2023-02-20,39.77777777777778
2023-02-21,37.77777777777778
2023-02-22,37.022222222222226
2023-02-23,35.84444444444445
2023-02-24,33.34444444444445
2023-02-25,33.08888888888889
2023-02-26,34.28888888888889
2023-02-27,34.12222222222223
2023-02-28,33.111111111111114
2023-03-01,34.26666666666667
2023-03-02,33.922222222222224
2023-03-03,30.044444444444448
2023-03-04,30.06666666666667
2023-03-05,30.08888888888889
2023-03-06,30.077777777777776
2023-03-07,28.922222222222217
2023-03-08,27.88888888888889
2023-03-09,22.15555555555555
2023-03-10,21.422222222222224
2023-03-11,22.73333333333333
2023-03-12,27.988888888888887
2023-03-13,36.36666666666667
2023-03-14,38.02222222222222
2023-03-15,36.75555555555556
2023-03-16,38.75555555555556
2023-03-17,46.43333333333333
2023-03-18,45.166666666666664
2023-03-19,47.82222222222223
2023-03-20,46.84444444444445
2023-03-21,47.46666666666666
2023-03-22,44.85555555555556
2023-03-23,47.53333333333333
2023-03-24,45.266666666666666
2023-03-25,45.22222222222222
2023-03-26,46.644444444444446
2023-03-27,43.74444444444444
2023-03-28,43.766666666666666
2023-03-29,47.111111111111114
2023-03-30,45.766666666666666
2023-03-31,47.422222222222224
2023-04-01,47.25555555555556
2023-04-02,46.044444444444444
2023-04-03,44.94444444444444
2023-04-04,45.78888888888889
2023-04-05,45.63333333333333
2023-04-06,44.988888888888894
2023-04-07,44.51111111111111
2023-04-08,44.433333333333344
2023-04-09,45.92222222222222
2023-04-10,49.455555555555556
2023-04-11,51.3111111111111
2023-04-12,50.011111111111106
2023-04-13,51.111111111111114
2023-04-14,51.76666666666667
2023-04-15,50.86666666666666
2023-04-16,50.800000000000004
2023-04-17,48.25555555555556
2023-04-18,50.57777777777777
2023-04-19,45.82222222222222
2023-04-20,43.23333333333333
2023-04-21,39.72222222222222
2023-04-22,41.8
2023-04-23,40.722222222222214
2023-04-24,40.511111111111106
2023-04-25,43.044444444444444
2023-04-26,43.43333333333334
2023-04-27,47.46666666666667
2023-04-28,46.93333333333333
2023-04-29,46.266666666666666
2023-04-30,46.922222222222224
2023-05-01,42.31111111111111
2023-05-02,43.93333333333333
2023-05-03,45.73333333333333
2023-05-04,44.666666666666664
2023-05-05,46.87777777777777
2023-05-06,44.64444444444444
2023-05-07,44.21111111111111
2023-05-08,39.41111111111112
2023-05-09,39.3
2023-05-10,39.34444444444444
2023-05-11,36.43333333333334
2023-05-12,35.288888888888884
2023-05-13,36.211111111111116
2023-05-14,36.15555555555555
2023-05-15,37.5
2023-05-16,36.111111111111114
2023-05-17,37.577777777777776
2023-05-18,35.74444444444445
2023-05-19,35.62222222222222
2023-05-20,36.36666666666667
2023-05-21,34.955555555555556
2023-05-22,35.288888888888884
2023-05-23,36.611111111111114
2023-05-24,32.44444444444444
2023-05-25,32.77777777777778
2023-05-26,33.833333333333336
2023-05-27,34.81111111111111
2023-05-28,39.8
2023-05-29,38.2
2023-05-30,37.93333333333334
2023-05-31,35.67777777777778
2023-06-01,34.099999999999994
2023-06-02,35.577777777777776
2023-06-03,34.68888888888889
2023-06-04,35.22222222222222
2023-06-05,28.37777777777778
2023-06-06,34.833333333333336
2023-06-07,30.84444444444444
2023-06-08,32.1
2023-06-09,31.355555555555554
2023-06-10,28.377777777777776
2023-06-11,28.988888888888887
2023-06-12,28.822222222222226
2023-06-13,28.12222222222222
2023-06-14,25.3
2023-06-15,27.155555555555555
2023-06-16,30.266666666666666
2023-06-17,31.44444444444444
2023-06-18,30.15555555555555
2023-06-19,31.833333333333332
2023-06-20,38.111111111111114
2023-06-21,45.68888888888889
2023-06-22,44.8
2023-06-23,47.35555555555555
2023-06-24,46.977777777777774
2023-06-25,46.76666666666667
2023-06-26,45.33333333333334
2023-06-27,46.65555555555556
2023-06-28,44.833333333333336
2023-06-29,46.05555555555556
2023-06-30,45.95555555555556
2023-07-01,45.84444444444445
2023-07-02,45.73333333333333
2023-07-03,47.52222222222222
2023-07-04,46.63333333333333
2023-07-05,45.15555555555556
2023-07-06,43.71111111111111
2023-07-07,43.92222222222223
2023-07-08,43.62222222222223
2023-07-09,43.47777777777778
2023-07-10,43.77777777777778
2023-07-11,44.75555555555556
2023-07-12,43.766666666666666
2023-07-13,47.27777777777778
2023-07-14,42.87777777777778
2023-07-15,42.955555555555556
2023-07-16,42.888888888888886
2023-07-17,42.56666666666666
2023-07-18,41.04444444444445
2023-07-19,41.0
2023-07-20,40.9
2023-07-21,40.82222222222222
2023-07-22,40.666666666666664
2023-07-23,41.27777777777778
2023-07-24,37.644444444444446
2023-07-25,37.633333333333326
2023-07-26,38.888888888888886
2023-07-27,37.5
2023-07-28,37.62222222222223
2023-07-29,38.166666666666664
2023-07-30,37.3
2023-07-31,37.144444444444446
2023-08-01,37.53333333333333
2023-08-02,36.900000000000006
2023-08-03,36.96666666666667
2023-08-04,36.18888888888889
2023-08-05,36.06666666666667
2023-08-06,36.24444444444444
2023-08-07,36.52222222222222
2023-08-08,39.37777777777777
2023-08-09,38.04444444444445
2023-08-10,37.75555555555556
2023-08-11,37.211111111111116
2023-08-12,37.48888888888889
2023-08-13,36.37777777777777
2023-08-14,37.355555555555554
2023-08-15,36.01111111111111
2023-08-16,34.544444444444444
2023-08-17,26.46666666666667
2023-08-18,24.055555555555557
2023-08-19,24.11111111111111
2023-08-20,24.788888888888888
2023-08-21,24.27777777777778
2023-08-22,23.955555555555556
2023-08-23,25.744444444444447
2023-08-24,24.200000000000003
2023-08-25,24.155555555555555
2023-08-26,24.111111111111114
2023-08-27,24.177777777777777
2023-08-28,24.23333333333333
2023-08-29,30.333333333333332
2023-08-30,28.966666666666665
2023-08-31,24.0
2023-09-01,22.866666666666667
2023-09-02,23.222222222222218
2023-09-03,23.855555555555554
2023-09-04,22.7
2023-09-05,22.633333333333336
2023-09-06,22.58888888888889
2023-09-07,24.766666666666666
2023-09-08,23.21111111111111
2023-09-09,23.288888888888888
2023-09-10,22.755555555555556
2023-09-11,20.577777777777776
2023-09-12,23.433333333333334
2023-09-13,24.933333333333334
2023-09-14,26.255555555555556
2023-09-15,26.27777777777778
2023-09-16,26.166666666666668
2023-09-17,25.54444444444444
2023-09-18,27.04444444444444
2023-09-19,28.355555555555554
2023-09-20,28.033333333333335
2023-09-21,25.88888888888889
2023-09-22,25.944444444444443
2023-09-23,25.833333333333332
2023-09-24,25.15555555555555
2023-09-25,24.711111111111112
2023-09-26,24.1
2023-09-27,24.711111111111112
2023-09-28,27.377777777777776
2023-09-29,27.17777777777778
2023-09-30,27.28888888888889
2023-10-01,30.899999999999995
2023-10-02,29.58888888888889
2023-10-03,29.077777777777783
2023-10-04,30.622222222222224
2023-10-05,29.355555555555554
2023-10-06,30.899999999999995
2023-10-07,30.933333333333337
2023-10-08,30.800000000000004
2023-10-09,29.54444444444444
2023-10-10,29.21111111111111
2023-10-11,26.755555555555556
2023-10-12,26.1
2023-10-13,27.066666666666666
2023-10-14,27.06666666666667
2023-10-15,28.07777777777778
2023-10-16,33.16666666666667
2023-10-17,33.05555555555556
2023-10-18,31.944444444444443
2023-10-19,33.511111111111106
2023-10-20,37.166666666666664
2023-10-21,38.2
2023-10-22,38.277777777777786
2023-10-23,49.55555555555556
2023-10-24,51.800000000000004
2023-10-25,53.44444444444444
2023-10-26,52.27777777777778
2023-10-27,51.011111111111106
2023-10-28,51.699999999999996
2023-10-29,53.12222222222223
2023-10-30,52.52222222222222
2023-10-31,52.800000000000004
2023-11-01,54.611111111111114
2023-11-02,52.67777777777778
2023-11-03,52.18888888888888
2023-11-04,53.36666666666667
2023-11-05,52.67777777777778
2023-11-06,53.06666666666666
2023-11-07,54.03333333333333
2023-11-08,54.93333333333334
2023-11-09,56.7
2023-11-10,58.02222222222221
2023-11-11,56.55555555555556
2023-11-12,57.32222222222222
2023-11-13,55.833333333333336
2023-11-14,52.71111111111111
2023-11-15,58.07777777777778
2023-11-16,54.111111111111114
2023-11-17,54.57777777777778
2023-11-18,54.599999999999994
2023-11-19,56.41111111111112
2023-11-20,57.099999999999994
2023-11-21,52.833333333333336
2023-11-22,56.54444444444445
2023-11-23,55.56666666666667
2023-11-24,56.53333333333334
2023-11-25,56.388888888888886
2023-11-26,56.0
2023-11-27,54.666666666666664
2023-11-28,56.95555555555555
2023-11-29,55.766666666666666
2023-11-30,55.34444444444445
2023-12-01,57.85555555555556
2023-12-02,59.1888888888889
2023-12-03,60.166666666666664
2023-12-04,64.04444444444444
2023-12-05,68.43333333333334
2023-12-06,67.36666666666666
2023-12-07,66.23333333333333
2023-12-08,67.95555555555555
2023-12-09,66.92222222222222
2023-12-10,66.64444444444445
2023-12-11,61.04444444444445
2023-12-12,60.94444444444444
2023-12-13,64.82222222222224
2023-12-14,64.7
2023-12-15,62.28888888888888
2023-12-16,62.28888888888889
2023-12-17,60.77777777777778
2023-12-18,62.87777777777779
2023-12-19,61.71111111111111
2023-12-20,64.85555555555555
2023-12-21,65.03333333333335
2023-12-22,65.21111111111112
2023-12-23,64.3777777777778
2023-12-24,62.77777777777778
2023-12-25,63.79999999999999
2023-12-26,60.699999999999996
2023-12-27,62.32222222222222
2023-12-28,60.611111111111114
2023-12-29,58.1888888888889
2023-12-30,59.044444444444444
2023-12-31,59.20000000000001
2024-01-01,62.37777777777777
2024-01-02,65.1888888888889
2024-01-03,59.44444444444444
2024-01-04,62.499999999999986
2024-01-05,61.92222222222222
2024-01-06,60.85555555555556
2024-01-07,60.94444444444444
2024-01-08,67.30000000000001
2024-01-09,65.22222222222223
2024-01-10,66.64444444444445
2024-01-11,65.17777777777778
2024-01-12,56.544444444444444
2024-01-13,56.70000000000001
2024-01-14,54.87777777777777
2024-01-15,55.977777777777774
2024-01-16,57.233333333333334
2024-01-17,55.32222222222222
2024-01-18,51.211111111111116
2024-01-19,52.333333333333336
2024-01-20,52.22222222222222
2024-01-21,51.977777777777774
2024-01-22,46.111111111111114
2024-01-23,45.800000000000004
2024-01-24,46.76666666666667
2024-01-25,46.31111111111111
2024-01-26,51.44444444444445
2024-01-27,52.41111111111111
2024-01-28,51.233333333333334
2024-01-29,54.67777777777778
2024-01-30,54.43333333333333
2024-01-31,52.788888888888884
2024-02-01,53.544444444444444
2024-02-02,53.86666666666667
2024-02-03,53.61111111111111
2024-02-04,52.31111111111111
2024-02-05,52.077777777777776
2024-02-06,53.26666666666667
2024-02-07,55.86666666666666
2024-02-08,58.53333333333333
2024-02-09,62.92222222222222
2024-02-10,63.96666666666667
2024-02-11,64.3111111111111
2024-02-12,67.73333333333333
2024-02-13,66.5888888888889
2024-02-14,70.25555555555555
2024-02-15,69.95555555555555
2024-02-16,69.88888888888887
2024-02-17,69.42222222222223
2024-02-18,69.74444444444445
2024-02-19,69.13333333333333
2024-02-20,69.85555555555555
2024-02-21,67.81111111111112
2024-02-22,67.4
2024-02-23,66.21111111111111
2024-02-24,67.50000000000001
2024-02-25,67.94444444444443
2024-02-26,72.1222222222222
2024-02-27,75.1222222222222
2024-02-28,79.85555555555555
2024-02-29,78.72222222222223
2024-03-01,79.30000000000001
2024-03-02,78.69999999999999
2024-03-03,79.54444444444444
2024-03-04,82.74444444444445
2024-03-05,79.54444444444444
2024-03-06,80.86666666666666
2024-03-07,81.27777777777779
2024-03-08,82.02222222222223
2024-03-09,81.93333333333334
2024-03-10,81.98888888888888
2024-03-11,84.28888888888889
2024-03-12,83.30000000000001
2024-03-13,84.02222222222221
2024-03-14,82.67777777777778
2024-03-15,80.55555555555556
2024-03-16,77.42222222222225
2024-03-17,79.47777777777777
2024-03-18,78.6
2024-03-19,71.92222222222222
2024-03-20,78.38888888888889
2024-03-21,75.9111111111111
2024-03-22,73.02222222222223
2024-03-23,74.47777777777777
2024-03-24,76.9
2024-03-25,79.43333333333334
2024-03-26,79.22222222222223
2024-03-27,78.15555555555555
2024-03-28,79.5888888888889
2024-03-29,78.51111111111112
2024-03-30,78.23333333333333
2024-03-31,79.25555555555555
2024-04-01,77.95555555555556
2024-04-02,72.97777777777779
2024-04-03,73.52222222222223
2024-04-04,75.92222222222223
2024-04-05,74.97777777777779
2024-04-06,76.42222222222223
2024-04-07,76.42222222222222
2024-04-08,78.58888888888889
2024-04-09,75.84444444444443
2024-04-10,77.34444444444445
2024-04-11,76.48888888888888
2024-04-12,72.96666666666665
2024-04-13,69.91111111111113
2024-04-14,70.63333333333333
2024-04-15,66.88888888888889
2024-04-16,67.85555555555555
2024-04-17,63.622222222222234
2024-04-18,67.32222222222224
2024-04-19,67.03333333333335
2024-04-20,68.4
2024-04-21,68.80000000000001
2024-04-22,71.44444444444444
2024-04-23,70.32222222222222
2024-04-24,66.23333333333333
2024-04-25,67.11111111111111
2024-04-26,65.65555555555555
2024-04-27,64.23333333333332
2024-04-28,64.0
2024-04-29,65.03333333333333
2024-04-30,58.70000000000001
2024-05-01,53.62222222222222
2024-05-02,56.02222222222222
2024-05-03,62.833333333333336
2024-05-04,64.22222222222223
2024-05-05,64.17777777777778
2024-05-06,62.699999999999996
2024-05-07,61.66666666666668
2024-05-08,58.44444444444444
2024-05-09,61.36666666666666
2024-05-10,57.900000000000006
2024-05-11,57.766666666666666
2024-05-12,58.01111111111111
2024-05-13,61.07777777777777
2024-05-14,58.733333333333334
2024-05-15,66.22222222222223
2024-05-16,64.65555555555557
2024-05-17,67.23333333333332
2024-05-18,67.1111111111111
2024-05-19,65.73333333333332
2024-05-20,71.33333333333333
2024-05-21,70.95555555555558
2024-05-22,69.67777777777776
2024-05-23,67.12222222222222
2024-05-24,68.65555555555555
2024-05-25,69.27777777777777
2024-05-26,67.93333333333334
2024-05-27,69.06666666666666
2024-05-28,66.56666666666666
2024-05-29,65.05555555555554
2024-05-30,66.25555555555555
2024-05-31,64.61111111111111
2024-06-01,64.68888888888888
2024-06-02,64.55555555555554
2024-06-03,66.77777777777777
2024-06-04,69.08888888888889
2024-06-05,69.27777777777777
2024-06-06,68.94444444444444
2024-06-07,66.23333333333333
2024-06-08,66.15555555555557
2024-06-09,66.8111111111111
2024-06-10,66.02222222222223
2024-06-11,62.57777777777778
2024-06-12,64.16666666666667
2024-06-13,61.5
2024-06-14,59.81111111111112
2024-06-15,59.76666666666668
2024-06-16,60.86666666666666
2024-06-17,60.266666666666666
2024-06-18,57.900000000000006
2024-06-19,56.955555555555556
2024-06-20,56.87777777777777
2024-06-21,55.099999999999994
2024-06-22,55.87777777777777
2024-06-23,54.388888888888886
2024-06-24,48.455555555555556
2024-06-25,51.277777777777786
2024-06-26,49.72222222222222
2024-06-27,50.93333333333333
2024-06-28,48.29999999999999
2024-06-29,49.666666666666664
2024-06-30,52.37777777777777
2024-07-01,53.155555555555566
2024-07-02,51.00000000000001
2024-07-03,48.06666666666667
2024-07-04,44.24444444444445
2024-07-05,41.85555555555556
2024-07-06,44.37777777777777
2024-07-07,40.8
2024-07-08,41.83333333333334
2024-07-09,44.022222222222226
2024-07-10,43.099999999999994
2024-07-11,42.833333333333336
2024-07-12,43.24444444444444
2024-07-13,46.555555555555564
2024-07-14,49.233333333333334
2024-07-15,55.28888888888889
2024-07-16,55.86666666666667
2024-07-17,54.644444444444446
2024-07-18,53.81111111111111
2024-07-19,58.76666666666668
2024-07-20,58.92222222222223
2024-07-21,60.900000000000006
2024-07-22,59.833333333333336
2024-07-23,56.84444444444444
2024-07-24,55.44444444444444
2024-07-25,56.11111111111111
2024-07-26,59.455555555555556
2024-07-27,60.37777777777777
2024-07-28,59.96666666666667
2024-07-29,57.42222222222222
2024-07-30,55.988888888888894
2024-07-31,53.455555555555556
2024-08-01,54.22222222222222
2024-08-02,48.622222222222234
2024-08-03,46.599999999999994
2024-08-04,42.01111111111111
2024-08-05,35.84444444444445
2024-08-06,38.388888888888886
2024-08-07,36.35555555555556
2024-08-08,49.47777777777778
2024-08-09,46.43333333333334
2024-08-10,47.233333333333334
2024-08-11,43.11111111111111
2024-08-12,43.41111111111112
2024-08-13,46.25555555555556
2024-08-14,43.13333333333333
2024-08-15,40.455555555555556
2024-08-16,43.21111111111111
2024-08-17,44.45555555555555
2024-08-18,43.355555555555554
2024-08-19,43.68888888888889
2024-08-20,43.54444444444445
2024-08-21,47.422222222222224
2024-08-22,45.93333333333333
2024-08-23,52.57777777777779
2024-08-24,52.08888888888889
2024-08-25,53.277777777777786
2024-08-26,50.71111111111111
2024-08-27,43.94444444444444
2024-08-28,42.91111111111111
2024-08-29,43.5
2024-08-30,42.98888888888888
2024-08-31,42.71111111111111
2024-09-01,40.31111111111111
2024-09-02,43.044444444444444
2024-09-03,40.56666666666666
2024-09-04,41.64444444444445
2024-09-05,38.144444444444446
2024-09-06,33.833333333333336
2024-09-07,34.199999999999996
2024-09-08,35.93333333333334
2024-09-09,40.15555555555555
2024-09-10,40.833333333333336
2024-09-11,40.76666666666667
2024-09-12,41.98888888888888
2024-09-13,46.011111111111106
2024-09-14,45.599999999999994
2024-09-15,43.46666666666667
2024-09-16,41.82222222222222
2024-09-17,45.74444444444444
2024-09-18,46.72222222222222
2024-09-19,51.111111111111114
2024-09-20,51.088888888888896
2024-09-21,51.111111111111114
2024-09-22,51.86666666666667
2024-09-23,50.98888888888888
2024-09-24,53.14444444444445
2024-09-25,50.68888888888889
2024-09-26,54.06666666666667
2024-09-27,55.36666666666667
2024-09-28,54.78888888888889
2024-09-29,54.511111111111106
2024-09-30,50.766666666666666
2024-10-01,45.93333333333333
2024-10-02,45.78888888888889
2024-10-03,45.87777777777778
2024-10-04,48.32222222222222
2024-10-05,47.56666666666666
2024-10-06,48.85555555555556
2024-10-07,49.288888888888884
2024-10-08,47.84444444444445
2024-10-09,44.788888888888884
2024-10-10,43.83333333333334
2024-10-11,47.86666666666667
2024-10-12,49.05555555555556
2024-10-13,48.27777777777778
2024-10-14,54.32222222222222
2024-10-15,55.400000000000006
2024-10-16,56.70000000000001
2024-10-17,55.888888888888886
2024-10-18,57.82222222222223
2024-10-19,57.71111111111111
2024-10-20,58.87777777777777
2024-10-21,55.96666666666667
2024-10-22,55.97777777777778
2024-10-23,54.23333333333333
2024-10-24,56.87777777777779
2024-10-25,53.900000000000006
2024-10-26,54.55555555555555
2024-10-27,56.300000000000004
2024-10-28,59.633333333333326
2024-10-29,63.26666666666668
2024-10-30,63.022222222222226
2024-10-31,59.56666666666667
2024-11-01,57.82222222222222
2024-11-02,57.699999999999996
2024-11-03,56.62222222222223
2024-11-04,54.74444444444445
2024-11-05,57.71111111111111
2024-11-06,66.78888888888888
2024-11-07,66.58888888888889
2024-11-08,67.45555555555556
2024-11-09,67.47777777777777
2024-11-10,71.77777777777777
2024-11-11,79.08888888888889
2024-11-12,78.19999999999999
2024-11-13,79.27777777777777
2024-11-14,76.67777777777779
2024-11-15,79.57777777777777
2024-11-16,78.93333333333334
2024-11-17,77.92222222222222
2024-11-18,78.92222222222223
2024-11-19,79.54444444444444
2024-11-20,80.73333333333333
2024-11-21,82.84444444444445
2024-11-22,82.74444444444444
2024-11-23,81.8111111111111
2024-11-24,81.73333333333332
2024-11-25,78.57777777777777
2024-11-26,76.96666666666667
2024-11-27,79.96666666666665
2024-11-28,79.41111111111113
2024-11-29,80.72222222222221
2024-11-30,79.86666666666666
2024-12-01,80.38888888888889
2024-12-02,78.63333333333334
2024-12-03,78.57777777777777
2024-12-04,80.57777777777777
2024-12-05,78.42222222222223
2024-12-06,80.68888888888888
2024-12-07,80.31111111111112
2024-12-08,80.41111111111111
2024-12-09,77.72222222222221
2024-12-10,77.05555555555556
2024-12-11,80.1
2024-12-12,79.1
2024-12-13,79.69999999999999
2024-12-14,79.5888888888889
2024-12-15,81.51111111111112
2024-12-16,82.05555555555556
2024-12-17,81.76666666666667
2024-12-18,78.34444444444445
2024-12-19,75.42222222222222
2024-12-20,75.16666666666667
2024-12-21,74.26666666666665
2024-12-22,72.6
2024-12-23,71.42222222222222
2024-12-24,75.36666666666666
2024-12-25,75.26666666666668
2024-12-26,71.82222222222222
2024-12-27,70.47777777777777
2024-12-28,71.27777777777777
2024-12-29,68.92222222222222
2024-12-30,67.27777777777777
2024-12-31,68.38888888888889
2025-01-01,69.57777777777778
2025-01-02,71.58888888888889
2025-01-03,72.76666666666668
2025-01-04,72.73333333333333
2025-01-05,73.26666666666668
2025-01-06,76.11111111111111
2025-01-07,70.66666666666666
2025-01-08,68.32222222222224
2025-01-09,64.8777777777778
2025-01-10,67.71111111111111
2025-01-11,67.53333333333333
2025-01-12,67.08888888888889
2025-01-13,67.12222222222222
2025-01-14,69.63333333333334
2025-01-15,72.8
2025-01-16,72.44444444444443
2025-01-17,76.23333333333333
2025-01-18,75.91111111111111
2025-01-19,72.93333333333334
2025-01-20,74.53333333333335
2025-01-21,76.52222222222221
2025-01-22,74.58888888888889
2025-01-23,74.52222222222223
2025-01-24,74.95555555555555
2025-01-25,74.76666666666668
2025-01-26,73.5
2025-01-27,71.91111111111111
2025-01-28,70.95555555555555
2025-01-29,73.15555555555554
2025-01-30,74.0888888888889
2025-01-31,71.54444444444445
2025-02-01,69.65555555555555
2025-02-02,65.63333333333333
2025-02-03,70.30000000000001
2025-02-04,64.9
2025-02-05,64.19999999999999
2025-02-06,63.977777777777774
2025-02-07,62.9888888888889
2025-02-08,63.72222222222222
2025-02-09,62.38888888888888
2025-02-10,64.63333333333334
2025-02-11,62.044444444444444
2025-02-12,64.6
2025-02-13,63.03333333333334
2025-02-14,64.15555555555557
2025-02-15,64.23333333333333
2025-02-16,62.666666666666664
2025-02-17,61.29999999999999
2025-02-18,60.98888888888889
2025-02-19,62.42222222222222
2025-02-20,64.43333333333334
2025-02-21,60.87777777777777
2025-02-22,61.98888888888889
2025-02-23,60.633333333333326
2025-02-24,56.58888888888889
2025-02-25,52.21111111111111
2025-02-26,46.43333333333333
2025-02-27,46.51111111111111
2025-02-28,46.47777777777778
2025-03-01,48.733333333333334
2025-03-02,59.044444444444444
2025-03-03,48.911111111111104
2025-03-04,50.12222222222223
2025-03-05,53.766666666666666
2025-03-06,53.677777777777784
2025-03-07,48.800000000000004
2025-03-08,48.37777777777778
2025-03-09,41.62222222222222
2025-03-10,40.2
2025-03-11,44.44444444444444
2025-03-12,44.87777777777777
2025-03-13,42.388888888888886
2025-03-14,45.92222222222223
2025-03-15,45.94444444444446
2025-03-16,43.62222222222222
2025-03-17,45.844444444444434
2025-03-18,43.766666666666666
2025-03-19,48.79999999999999
2025-03-20,45.75555555555556
2025-03-21,45.76666666666667
2025-03-22,45.52222222222222
2025-03-23,47.36666666666667
2025-03-24,49.577777777777776
2025-03-25,50.01111111111111
2025-03-26,49.25555555555556
2025-03-27,49.45555555555555
2025-03-28,45.43333333333333
2025-03-29,43.166666666666664
2025-03-30,42.99999999999999
2025-03-31,43.08888888888888
2025-04-01,46.91111111111111
2025-04-02,43.288888888888884
2025-04-03,43.74444444444445
2025-04-04,45.05555555555556
2025-04-05,44.11111111111111
2025-04-06,37.75555555555556
2025-04-07,40.05555555555556
2025-04-08,36.422222222222224
2025-04-09,44.04444444444445
2025-04-10,39.91111111111111
2025-04-11,44.22222222222222
2025-04-12,46.84444444444445
2025-04-13,44.27777777777778
2025-04-14,45.833333333333336
2025-04-15,45.12222222222223
2025-04-16,45.53333333333333
2025-04-17,46.86666666666667
2025-04-18,45.75555555555555
2025-04-19,47.00000000000001
2025-04-20,46.97777777777778
2025-04-21,49.67777777777778
2025-04-22,57.022222222222226
2025-04-23,56.955555555555556
2025-04-24,56.888888888888886
2025-04-25,58.300000000000004
2025-04-26,58.01111111111111
2025-04-27,56.94444444444444
2025-04-28,58.27777777777778
2025-04-29,57.63333333333334
2025-04-30,57.57777777777778
2025-05-01,60.03333333333334
2025-05-02,59.98888888888889
2025-05-03,59.14444444444445
2025-05-04,57.75555555555556
2025-05-05,57.666666666666664
2025-05-06,59.54444444444445
2025-05-07,60.14444444444445
2025-05-08,66.83333333333334
2025-05-09,66.51111111111112
2025-05-10,67.80000000000001
2025-05-11,67.52222222222221
2025-05-12,66.05555555555556
2025-05-13,67.4
2025-05-14,66.78888888888889
2025-05-15,66.57777777777778
2025-05-16,66.44444444444446
2025-05-17,66.00000000000001
2025-05-18,68.98888888888888
2025-05-19,68.65555555555555
2025-05-20,69.61111111111111
2025-05-21,71.82222222222222
2025-05-22,72.8
2025-05-23,69.63333333333334
2025-05-24,70.06666666666666
2025-05-25,70.18888888888888
2025-05-26,71.05555555555556
2025-05-27,70.36666666666666
2025-05-28,68.92222222222223
2025-05-29,66.67777777777776
2025-05-30,63.733333333333334
2025-05-31,64.9
2025-06-01,66.25555555555556
2025-06-02,65.94444444444444
2025-06-03,65.56666666666666
2025-06-04,64.04444444444445
2025-06-05,60.25555555555555
2025-06-06,63.72222222222222
2025-06-07,65.16666666666667
2025-06-08,65.07777777777777
2025-06-09,69.34444444444443
2025-06-10,69.07777777777778
2025-06-11,67.56666666666666
2025-06-12,64.45555555555556
2025-06-13,64.22222222222223
2025-06-14,63.522222222222226
2025-06-15,63.25555555555555
2025-06-16,65.80000000000001
2025-06-17,62.36666666666666
2025-06-18,62.3111111111111
2025-06-19,62.17777777777778
2025-06-20,60.6888888888889
2025-06-21,58.5
2025-06-22,57.91111111111112
2025-06-23,62.522222222222226
2025-06-24,63.1888888888889
2025-06-25,64.44444444444444
2025-06-26,64.17777777777778
2025-06-27,63.98888888888889
2025-06-28,63.94444444444444
2025-06-29,65.30000000000001
2025-06-30,63.51111111111111
2025-07-01,61.977777777777774
2025-07-02,65.30000000000001
2025-07-03,66.21111111111111
2025-07-04,63.74444444444445
2025-07-05,63.6888888888889
2025-07-06,64.8
2025-07-07,63.31111111111112
2025-07-08,63.44444444444443
2025-07-09,66.17777777777778
2025-07-10,70.84444444444445
2025-07-11,71.82222222222221
2025-07-12,71.63333333333335
2025-07-13,72.52222222222223
2025-07-14,73.25555555555555
2025-07-15,70.96666666666667
2025-07-16,71.67777777777778
2025-07-17,72.08888888888889
2025-07-18,70.0111111111111
2025-07-19,69.86666666666666
2025-07-20,69.55555555555556
2025-07-21,69.32222222222222
2025-07-22,71.23333333333333
2025-07-23,70.08888888888889
2025-07-24,69.75555555555555
2025-07-25,68.5111111111111
2025-07-26,68.64444444444445
2025-07-27,69.75555555555556
2025-07-28,68.32222222222224
2025-07-29,68.0111111111111
2025-07-30,67.64444444444445
2025-07-31,66.13333333333334
2025-08-01,62.96666666666667
2025-08-02,61.599999999999994
2025-08-03,63.58888888888888
2025-08-04,64.35555555555555
2025-08-05,62.733333333333334
2025-08-06,63.94444444444444
2025-08-07,66.64444444444445
2025-08-08,65.6888888888889
2025-08-09,65.03333333333333
2025-08-10,67.58888888888889
2025-08-11,67.36666666666666
2025-08-12,68.47777777777777
2025-08-13,70.93333333333334
2025-08-14,66.7
2025-08-15,65.26666666666667
2025-08-16,65.0
2025-08-17,65.04444444444445
2025-08-18,63.55555555555556
2025-08-19,60.199999999999996
2025-08-20,61.27777777777779
2025-08-21,58.78888888888889
2025-08-22,63.33333333333334
2025-08-23,61.65555555555555
2025-08-24,59.933333333333344
2025-08-25,55.922222222222224
2025-08-26,58.21111111111111
2025-08-27,56.95555555555555
2025-08-28,58.12222222222223
2025-08-29,53.866666666666674
2025-08-30,53.75555555555555
2025-08-31,53.888888888888886
2025-09-01,53.86666666666666
2025-09-02,56.29999999999999
2025-09-03,57.17777777777778
2025-09-04,56.04444444444445
2025-09-05,55.81111111111111
2025-09-06,54.87777777777778
2025-09-07,55.855555555555554
2025-09-08,56.900000000000006
2025-09-09,55.66666666666667
2025-09-10,58.21111111111111
2025-09-11,59.544444444444444
2025-09-12,60.833333333333336
2025-09-13,60.57777777777777
2025-09-14,60.14444444444444
2025-09-15,59.08888888888888
2025-09-16,61.03333333333333
2025-09-17,60.18888888888888
2025-09-18,60.999999999999986
2025-09-19,59.07777777777778
2025-09-20,59.39999999999999
2025-09-21,58.3111111111111
2025-09-22,55.488888888888894
2025-09-23,55.01111111111112
2025-09-24,56.37777777777777
2025-09-25,52.233333333333334
2025-09-26,52.233333333333334
2025-09-27,52.23333333333333
2025-09-28,54.57777777777778
2025-09-29,56.599999999999994
2025-09-30,56.111111111111114
2025-10-01,60.044444444444444
2025-10-02,62.69999999999998
2025-10-03,64.75555555555556
2025-10-04,64.24444444444445
2025-10-05,65.22222222222223
2025-10-06,66.45555555555555
2025-10-07,63.166666666666664
2025-10-08,64.53333333333333
2025-10-09,62.67777777777777
2025-10-10,54.24444444444445
2025-10-11,51.599999999999994
2025-10-12,55.41111111111111
2025-10-13,55.96666666666667
2025-10-14,53.91111111111111
2025-10-15,51.46666666666667
2025-10-16,48.96666666666667
2025-10-17,47.85555555555555
2025-10-18,47.988888888888894
2025-10-19,49.333333333333336
2025-10-20,51.400000000000006
2025-10-21,49.44444444444445
2025-10-22,47.92222222222222
2025-10-23,50.2111111111111
2025-10-24,51.28888888888888
2025-10-25,51.77777777777778
2025-10-26,54.70000000000001
2025-10-27,53.74444444444445
2025-10-28,52.97777777777779
2025-10-29,50.833333333333336
2025-10-30,47.84444444444445
2025-10-31,49.67777777777778
2025-11-01,49.699999999999996
2025-11-02,49.81111111111111
2025-11-03,46.099999999999994
2025-11-04,41.23333333333333
2025-11-05,43.544444444444444
2025-11-06,41.32222222222222
2025-11-07,43.56666666666668
2025-11-08,42.37777777777778
2025-11-09,44.599999999999994
2025-11-10,45.855555555555554
2025-11-11,42.91111111111111
2025-11-12,41.900000000000006
2025-11-13,40.1
2025-11-14,35.51111111111111
2025-11-15,36.28888888888889
2025-11-16,35.02222222222222
2025-11-17,33.22222222222222
2025-11-18,34.32222222222222
2025-11-19,32.37777777777777
2025-11-20,29.077777777777783
2025-11-21,27.14444444444445
2025-11-22,27.077777777777776
2025-11-23,29.022222222222226
2025-11-24,30.23333333333333
2025-11-25,29.288888888888884
2025-11-26,32.166666666666664
2025-11-27,33.17777777777778
2025-11-28,33.111111111111114
2025-11-29,32.92222222222222
2025-11-30,33.05555555555556
2025-12-01,28.41111111111111
2025-12-02,33.64444444444444
2025-12-03,35.71111111111111
2025-12-04,34.511111111111106
2025-12-05,31.511111111111113
2025-12-06,31.511111111111113
2025-12-07,32.47777777777778
2025-12-08,33.422222222222224
2025-12-09,35.17777777777778
2025-12-10,34.74444444444444
2025-12-11,34.96666666666667
2025-12-12,32.81111111111111
2025-12-13,32.888888888888886
2025-12-14,30.755555555555556
2025-12-15,28.566666666666663
2025-12-16,30.555555555555557
2025-12-17,28.622222222222224
2025-12-18,27.75555555555556
2025-12-19,31.05555555555555
2025-12-20,31.08888888888889
2025-12-21,31.25555555555555
2025-12-22,31.34444444444445
2025-12-23,30.011111111111106
2025-12-24,30.799999999999997
2025-12-25,30.366666666666667
2025-12-26,30.266666666666666
2025-12-27,30.877777777777776
2025-12-28,30.866666666666674
2025-12-29,30.23333333333333
2025-12-30,31.58888888888889
2025-12-31,30.56666666666667
2026-01-01,32.12222222222222
2026-01-02,34.21111111111111
2026-01-03,34.47777777777778
2026-01-04,35.711111111111116
2026-01-05,38.87777777777777
2026-01-06,38.06666666666667
2026-01-07,35.74444444444444
2026-01-08,35.82222222222222
2026-01-09,34.86666666666667
2026-01-10,34.81111111111111
2026-01-11,35.21111111111111
2026-01-12,36.233333333333334
2026-01-13,40.922222222222224
2026-01-14,42.67777777777778
2026-01-15,41.00000000000001
2026-01-16,40.98888888888889
2026-01-17,40.67777777777778
2026-01-18,40.84444444444445
2026-01-19,37.77777777777778
2026-01-20,33.03333333333333
2026-01-21,34.98888888888889
2026-01-22,34.15555555555556
2026-01-23,34.51111111111111
2026-01-24,34.422222222222224
2026-01-25,30.811111111111114
2026-01-26,33.21111111111111
2026-01-27,34.777777777777786
2026-01-28,34.8111111111111
2026-01-29,28.95555555555556
2026-01-30,29.0
2026-01-31,23.3
2026-02-01,21.8
2026-02-02,23.555555555555557
2026-02-03,21.122222222222224
2026-02-04,18.533333333333335
2026-02-05,10.622222222222222
2026-02-06,16.966666666666665
2026-02-07,15.411111111111113
2026-02-08,16.944444444444443
2026-02-09,16.41111111111111
2026-02-10,14.900000000000002
2026-02-11,13.699999999999998
2026-02-12,12.733333333333333
2026-02-13,15.57777777777778
2026-02-14,16.566666666666666
2026-02-15,15.233333333333333
2026-02-16,15.266666666666664
2026-02-17,14.422222222222224
2026-02-18,13.144444444444444
2026-02-19,13.8
2026-02-20,14.755555555555556
2026-02-21,15.244444444444447
2026-02-22,14.68888888888889
2026-02-23,11.92222222222222
2026-02-24,11.333333333333332
2026-02-25,15.666666666666666
2026-02-26,14.977777777777776
2026-02-27,13.000000000000002
2026-02-28,14.333333333333336
2026-03-01,13.133333333333333
2026-03-02,16.733333333333334
2026-03-03,16.066666666666666
2026-03-04,21.12222222222222
2026-03-05,19.200000000000003
2026-03-06,16.211111111111112
2026-03-07,15.199999999999998
2026-03-08,14.02222222222222
2026-03-09,16.58888888888889
2026-03-10,18.055555555555557
2026-03-11,18.822222222222223
2026-03-12,18.744444444444444
2026-03-13,19.522222222222222
2026-03-14,19.744444444444447
2026-03-15,21.72222222222222
2026-03-16,24.066666666666663
2026-03-17,23.844444444444445
2026-03-18,20.18888888888889
2026-03-19,18.844444444444445
2026-03-20,19.766666666666666
2026-03-21,19.1
2026-03-22,17.03333333333333
2026-03-23,20.12222222222222
2026-03-24,19.42222222222222
2026-03-25,20.98888888888889
2026-03-26,17.65555555555555
2026-03-27,14.811111111111112
2026-03-28,15.244444444444447
2026-03-29,15.07777777777778
2026-03-30,15.911111111111113
2026-03-31,17.81111111111111
2026-04-01,17.855555555555554
2026-04-02,16.22222222222222
2026-04-03,16.299999999999997
2026-04-04,17.08888888888889
2026-04-05,19.000000000000004
2026-04-06,18.966666666666665
2026-04-07,23.200000000000003
2026-04-08,22.0
2026-04-09,23.077777777777776
2026-04-10,24.855555555555554
2026-04-11,25.32222222222222
2026-04-12,22.08888888888889
2026-04-13,27.322222222222223
2026-04-14,26.655555555555555
2026-04-15,27.888888888888886
2026-04-16,28.055555555555557
2026-04-17,30.58888888888889
2026-04-18,29.188888888888894
2026-04-19,27.033333333333335
2026-04-20,29.35555555555556
2026-04-21,29.61111111111111
2026-04-22,33.12222222222223
2026-04-23,33.0
2026-04-24,32.05555555555556
2026-04-25,32.12222222222222
2026-04-26,33.37777777777778
2026-04-27,31.311111111111114
2026-04-28,30.322222222222226
2026-04-29,30.055555555555557
2026-04-30,30.544444444444448
2026-05-01,33.01111111111111
2026-05-02,33.71111111111111
2026-05-03,33.855555555555554
2026-05-04,35.71111111111112
2026-05-05,37.111111111111114
2026-05-06,37.17777777777778
2026-05-07,35.17777777777778
2026-05-08,35.94444444444444
2026-05-09,36.17777777777778
2026-05-10,38.233333333333334
2026-05-11,37.5
2026-05-12,35.94444444444444
2026-05-13,34.68888888888889
2026-05-14,37.08888888888889
2026-05-15,34.27777777777778
2026-05-16,32.97777777777778
2026-05-17,32.233333333333334
2026-05-18,31.022222222222222
2026-05-19,30.93333333333333
2026-05-20,31.766666666666666
2026-05-21,32.22222222222222
2026-05-22,29.733333333333334
2026-05-23,30.87777777777778
2026-05-24,30.91111111111111
2026-05-25,31.799999999999997
2026-05-26,29.744444444444444
2026-05-27,27.71111111111111
2026-05-28,26.766666666666666
2026-05-29,26.788888888888888
2026-05-30,27.366666666666667
2026-05-31,27.37777777777778
2026-06-01,24.555555555555557
2026-06-02,18.288888888888884
2026-06-03,15.766666666666664
2026-06-04,14.233333333333333
2026-06-05,12.388888888888891
2026-06-06,11.722222222222221
2026-06-07,14.266666666666667
2026-06-08,14.566666666666666
2026-06-09,12.877777777777776
2026-06-10,12.600000000000001
2026-06-11,14.877777777777778
2026-06-12,15.233333333333333
2026-06-13,16.488888888888894
2026-06-14,17.67777777777778
2026-06-15,18.866666666666667
2026-06-16,18.055555555555557
2026-06-17,16.744444444444447
2026-06-18,14.833333333333334
2026-06-19,15.255555555555556
2026-06-20,16.833333333333332
2026-06-21,15.644444444444442
2026-06-22,16.277777777777782
2026-06-23,14.555555555555559
2026-06-24,13.033333333333333
2026-06-25,12.188888888888888
2026-06-26,12.511111111111111
